<annotation>
	<folder>hat_resize2</folder>
	<filename>hat45.jpg</filename>
	<path>/Users/meng/Desktop/ESW/ESW2022/codes/data/hat_resize2/hat45.jpg</path>
	<source>
		<database>Unknown</database>
	</source>
	<size>
		<width>800</width>
		<height>600</height>
		<depth>3</depth>
	</size>
	<segmented>0</segmented>
	<object>
		<name>hat</name>
		<pose>Unspecified</pose>
		<truncated>0</truncated>
		<difficult>0</difficult>
		<bndbox>
			<xmin>204</xmin>
			<ymin>71</ymin>
			<xmax>321</xmax>
			<ymax>162</ymax>
		</bndbox>
	</object>
	<object>
		<name>hat</name>
		<pose>Unspecified</pose>
		<truncated>0</truncated>
		<difficult>0</difficult>
		<bndbox>
			<xmin>471</xmin>
			<ymin>43</ymin>
			<xmax>579</xmax>
			<ymax>124</ymax>
		</bndbox>
	</object>
</annotation>
