<annotation verified="yes">
	<folder>mask_resize</folder>
	<filename>0.jpg</filename>
	<path>/Users/meng/Desktop/ESW/ESW2022/codes/data/mask_resize/0.jpg</path>
	<source>
		<database>Unknown</database>
	</source>
	<size>
		<width>800</width>
		<height>600</height>
		<depth>3</depth>
	</size>
	<segmented>0</segmented>
	<object>
		<name>mask</name>
		<pose>Unspecified</pose>
		<truncated>1</truncated>
		<difficult>1</difficult>
		<bndbox>
			<xmin>1</xmin>
			<ymin>218</ymin>
			<xmax>259</xmax>
			<ymax>477</ymax>
		</bndbox>
	</object>
	<object>
		<name>mask</name>
		<pose>Unspecified</pose>
		<truncated>0</truncated>
		<difficult>1</difficult>
		<bndbox>
			<xmin>227</xmin>
			<ymin>178</ymin>
			<xmax>518</xmax>
			<ymax>469</ymax>
		</bndbox>
	</object>
	<object>
		<name>mask</name>
		<pose>Unspecified</pose>
		<truncated>0</truncated>
		<difficult>1</difficult>
		<bndbox>
			<xmin>520</xmin>
			<ymin>214</ymin>
			<xmax>783</xmax>
			<ymax>478</ymax>
		</bndbox>
	</object>
</annotation>
