<annotation>
	<folder>mask_resize</folder>
	<filename>1.jpg</filename>
	<path>/Users/meng/Desktop/ESW/ESW2022/codes/data/mask_resize/1.jpg</path>
	<source>
		<database>Unknown</database>
	</source>
	<size>
		<width>800</width>
		<height>600</height>
		<depth>3</depth>
	</size>
	<segmented>0</segmented>
	<object>
		<name>mask</name>
		<pose>Unspecified</pose>
		<truncated>0</truncated>
		<difficult>0</difficult>
		<bndbox>
			<xmin>225</xmin>
			<ymin>138</ymin>
			<xmax>600</xmax>
			<ymax>446</ymax>
		</bndbox>
	</object>
</annotation>
