<annotation>
	<folder>mask_resize</folder>
	<filename>20.jpeg</filename>
	<path>/Users/meng/Desktop/ESW/ESW2022/codes/data/mask_resize/20.jpeg</path>
	<source>
		<database>Unknown</database>
	</source>
	<size>
		<width>800</width>
		<height>600</height>
		<depth>3</depth>
	</size>
	<segmented>0</segmented>
	<object>
		<name>mask</name>
		<pose>Unspecified</pose>
		<truncated>0</truncated>
		<difficult>0</difficult>
		<bndbox>
			<xmin>108</xmin>
			<ymin>273</ymin>
			<xmax>327</xmax>
			<ymax>425</ymax>
		</bndbox>
	</object>
	<object>
		<name>mask</name>
		<pose>Unspecified</pose>
		<truncated>0</truncated>
		<difficult>0</difficult>
		<bndbox>
			<xmin>467</xmin>
			<ymin>210</ymin>
			<xmax>707</xmax>
			<ymax>405</ymax>
		</bndbox>
	</object>
</annotation>
