<annotation>
	<folder>gloves_resize</folder>
	<filename>gloves34.jpeg</filename>
	<path>/Users/meng/Desktop/ESW/ESW2022/codes/data/gloves_resize/gloves34.jpeg</path>
	<source>
		<database>Unknown</database>
	</source>
	<size>
		<width>800</width>
		<height>600</height>
		<depth>3</depth>
	</size>
	<segmented>0</segmented>
	<object>
		<name>gloves</name>
		<pose>Unspecified</pose>
		<truncated>0</truncated>
		<difficult>0</difficult>
		<bndbox>
			<xmin>69</xmin>
			<ymin>98</ymin>
			<xmax>392</xmax>
			<ymax>533</ymax>
		</bndbox>
	</object>
	<object>
		<name>gloves</name>
		<pose>Unspecified</pose>
		<truncated>0</truncated>
		<difficult>0</difficult>
		<bndbox>
			<xmin>367</xmin>
			<ymin>71</ymin>
			<xmax>736</xmax>
			<ymax>521</ymax>
		</bndbox>
	</object>
</annotation>
