<annotation>
	<folder>gloves_resize</folder>
	<filename>gloves9.jpeg</filename>
	<path>/Users/meng/Desktop/ESW/ESW2022/codes/data/gloves_resize/gloves9.jpeg</path>
	<source>
		<database>Unknown</database>
	</source>
	<size>
		<width>800</width>
		<height>600</height>
		<depth>3</depth>
	</size>
	<segmented>0</segmented>
	<object>
		<name>gloves</name>
		<pose>Unspecified</pose>
		<truncated>0</truncated>
		<difficult>0</difficult>
		<bndbox>
			<xmin>4</xmin>
			<ymin>5</ymin>
			<xmax>379</xmax>
			<ymax>599</ymax>
		</bndbox>
	</object>
	<object>
		<name>gloves</name>
		<pose>Unspecified</pose>
		<truncated>1</truncated>
		<difficult>0</difficult>
		<bndbox>
			<xmin>397</xmin>
			<ymin>6</ymin>
			<xmax>800</xmax>
			<ymax>593</ymax>
		</bndbox>
	</object>
</annotation>
