<annotation>
	<folder>gloves_resize</folder>
	<filename>gloves3.jpeg</filename>
	<path>/Users/meng/Desktop/ESW/ESW2022/codes/data/gloves_resize/gloves3.jpeg</path>
	<source>
		<database>Unknown</database>
	</source>
	<size>
		<width>800</width>
		<height>600</height>
		<depth>3</depth>
	</size>
	<segmented>0</segmented>
	<object>
		<name>gloves</name>
		<pose>Unspecified</pose>
		<truncated>0</truncated>
		<difficult>0</difficult>
		<bndbox>
			<xmin>23</xmin>
			<ymin>88</ymin>
			<xmax>401</xmax>
			<ymax>560</ymax>
		</bndbox>
	</object>
	<object>
		<name>gloves</name>
		<pose>Unspecified</pose>
		<truncated>0</truncated>
		<difficult>0</difficult>
		<bndbox>
			<xmin>412</xmin>
			<ymin>39</ymin>
			<xmax>774</xmax>
			<ymax>508</ymax>
		</bndbox>
	</object>
</annotation>
