<annotation>
	<folder>gloves_resize</folder>
	<filename>gloves30.jpeg</filename>
	<path>/Users/meng/Desktop/ESW/ESW2022/codes/data/gloves_resize/gloves30.jpeg</path>
	<source>
		<database>Unknown</database>
	</source>
	<size>
		<width>800</width>
		<height>600</height>
		<depth>3</depth>
	</size>
	<segmented>0</segmented>
	<object>
		<name>gloves</name>
		<pose>Unspecified</pose>
		<truncated>1</truncated>
		<difficult>0</difficult>
		<bndbox>
			<xmin>248</xmin>
			<ymin>1</ymin>
			<xmax>494</xmax>
			<ymax>492</ymax>
		</bndbox>
	</object>
	<object>
		<name>gloves</name>
		<pose>Unspecified</pose>
		<truncated>0</truncated>
		<difficult>0</difficult>
		<bndbox>
			<xmin>487</xmin>
			<ymin>30</ymin>
			<xmax>647</xmax>
			<ymax>500</ymax>
		</bndbox>
	</object>
</annotation>
