<annotation>
	<folder>gloves_resize</folder>
	<filename>gloves12.jpeg</filename>
	<path>/Users/meng/Desktop/ESW/ESW2022/codes/data/gloves_resize/gloves12.jpeg</path>
	<source>
		<database>Unknown</database>
	</source>
	<size>
		<width>800</width>
		<height>600</height>
		<depth>3</depth>
	</size>
	<segmented>0</segmented>
	<object>
		<name>gloves</name>
		<pose>Unspecified</pose>
		<truncated>0</truncated>
		<difficult>0</difficult>
		<bndbox>
			<xmin>7</xmin>
			<ymin>10</ymin>
			<xmax>512</xmax>
			<ymax>591</ymax>
		</bndbox>
	</object>
	<object>
		<name>gloves</name>
		<pose>Unspecified</pose>
		<truncated>1</truncated>
		<difficult>0</difficult>
		<bndbox>
			<xmin>251</xmin>
			<ymin>19</ymin>
			<xmax>800</xmax>
			<ymax>597</ymax>
		</bndbox>
	</object>
</annotation>
