<annotation>
	<folder>mask_resize</folder>
	<filename>2.jpg</filename>
	<path>/Users/meng/Desktop/ESW/ESW2022/codes/data/mask_resize/2.jpg</path>
	<source>
		<database>Unknown</database>
	</source>
	<size>
		<width>800</width>
		<height>600</height>
		<depth>3</depth>
	</size>
	<segmented>0</segmented>
	<object>
		<name>mask</name>
		<pose>Unspecified</pose>
		<truncated>0</truncated>
		<difficult>0</difficult>
		<bndbox>
			<xmin>97</xmin>
			<ymin>293</ymin>
			<xmax>377</xmax>
			<ymax>471</ymax>
		</bndbox>
	</object>
	<object>
		<name>mask</name>
		<pose>Unspecified</pose>
		<truncated>0</truncated>
		<difficult>0</difficult>
		<bndbox>
			<xmin>433</xmin>
			<ymin>294</ymin>
			<xmax>646</xmax>
			<ymax>427</ymax>
		</bndbox>
	</object>
</annotation>
