<annotation>
	<folder>mask_resize</folder>
	<filename>26.jpeg</filename>
	<path>/Users/meng/Desktop/ESW/ESW2022/codes/data/mask_resize/26.jpeg</path>
	<source>
		<database>Unknown</database>
	</source>
	<size>
		<width>800</width>
		<height>600</height>
		<depth>3</depth>
	</size>
	<segmented>0</segmented>
	<object>
		<name>mask</name>
		<pose>Unspecified</pose>
		<truncated>0</truncated>
		<difficult>0</difficult>
		<bndbox>
			<xmin>250</xmin>
			<ymin>169</ymin>
			<xmax>611</xmax>
			<ymax>436</ymax>
		</bndbox>
	</object>
</annotation>
