<annotation>
	<folder>mask_resize</folder>
	<filename>27.jpeg</filename>
	<path>/Users/meng/Desktop/ESW/ESW2022/codes/data/mask_resize/27.jpeg</path>
	<source>
		<database>Unknown</database>
	</source>
	<size>
		<width>800</width>
		<height>600</height>
		<depth>3</depth>
	</size>
	<segmented>0</segmented>
	<object>
		<name>mask</name>
		<pose>Unspecified</pose>
		<truncated>0</truncated>
		<difficult>0</difficult>
		<bndbox>
			<xmin>78</xmin>
			<ymin>189</ymin>
			<xmax>194</xmax>
			<ymax>277</ymax>
		</bndbox>
	</object>
	<object>
		<name>mask</name>
		<pose>Unspecified</pose>
		<truncated>0</truncated>
		<difficult>0</difficult>
		<bndbox>
			<xmin>344</xmin>
			<ymin>181</ymin>
			<xmax>453</xmax>
			<ymax>274</ymax>
		</bndbox>
	</object>
	<object>
		<name>mask</name>
		<pose>Unspecified</pose>
		<truncated>0</truncated>
		<difficult>0</difficult>
		<bndbox>
			<xmin>612</xmin>
			<ymin>175</ymin>
			<xmax>720</xmax>
			<ymax>272</ymax>
		</bndbox>
	</object>
</annotation>
