<annotation>
	<folder>arc_flash_suit_resize2</folder>
	<filename>arc_flash_suit43.jpg</filename>
	<path>/Users/meng/Desktop/ESW/ESW2022/codes/data/arc_flash_suit_resize2/arc_flash_suit43.jpg</path>
	<source>
		<database>Unknown</database>
	</source>
	<size>
		<width>800</width>
		<height>600</height>
		<depth>3</depth>
	</size>
	<segmented>0</segmented>
	<object>
		<name>face_shield</name>
		<pose>Unspecified</pose>
		<truncated>0</truncated>
		<difficult>0</difficult>
		<bndbox>
			<xmin>113</xmin>
			<ymin>38</ymin>
			<xmax>272</xmax>
			<ymax>130</ymax>
		</bndbox>
	</object>
	<object>
		<name>face_shield</name>
		<pose>Unspecified</pose>
		<truncated>0</truncated>
		<difficult>0</difficult>
		<bndbox>
			<xmin>309</xmin>
			<ymin>137</ymin>
			<xmax>468</xmax>
			<ymax>229</ymax>
		</bndbox>
	</object>
	<object>
		<name>face_shield</name>
		<pose>Unspecified</pose>
		<truncated>0</truncated>
		<difficult>0</difficult>
		<bndbox>
			<xmin>516</xmin>
			<ymin>14</ymin>
			<xmax>675</xmax>
			<ymax>106</ymax>
		</bndbox>
	</object>
	<object>
		<name>arc_flash_suit</name>
		<pose>Unspecified</pose>
		<truncated>0</truncated>
		<difficult>0</difficult>
		<bndbox>
			<xmin>66</xmin>
			<ymin>123</ymin>
			<xmax>306</xmax>
			<ymax>393</ymax>
		</bndbox>
	</object>
	<object>
		<name>arc_flash_suit</name>
		<pose>Unspecified</pose>
		<truncated>0</truncated>
		<difficult>0</difficult>
		<bndbox>
			<xmin>268</xmin>
			<ymin>220</ymin>
			<xmax>537</xmax>
			<ymax>492</ymax>
		</bndbox>
	</object>
	<object>
		<name>arc_flash_suit</name>
		<pose>Unspecified</pose>
		<truncated>0</truncated>
		<difficult>0</difficult>
		<bndbox>
			<xmin>471</xmin>
			<ymin>97</ymin>
			<xmax>740</xmax>
			<ymax>369</ymax>
		</bndbox>
	</object>
	<object>
		<name>gloves</name>
		<pose>Unspecified</pose>
		<truncated>0</truncated>
		<difficult>0</difficult>
		<bndbox>
			<xmin>75</xmin>
			<ymin>200</ymin>
			<xmax>165</xmax>
			<ymax>250</ymax>
		</bndbox>
	</object>
	<object>
		<name>gloves</name>
		<pose>Unspecified</pose>
		<truncated>0</truncated>
		<difficult>0</difficult>
		<bndbox>
			<xmin>176</xmin>
			<ymin>200</ymin>
			<xmax>258</xmax>
			<ymax>242</ymax>
		</bndbox>
	</object>
	<object>
		<name>gloves</name>
		<pose>Unspecified</pose>
		<truncated>0</truncated>
		<difficult>0</difficult>
		<bndbox>
			<xmin>289</xmin>
			<ymin>308</ymin>
			<xmax>371</xmax>
			<ymax>350</ymax>
		</bndbox>
	</object>
	<object>
		<name>gloves</name>
		<pose>Unspecified</pose>
		<truncated>0</truncated>
		<difficult>0</difficult>
		<bndbox>
			<xmin>374</xmin>
			<ymin>299</ymin>
			<xmax>456</xmax>
			<ymax>341</ymax>
		</bndbox>
	</object>
	<object>
		<name>gloves</name>
		<pose>Unspecified</pose>
		<truncated>0</truncated>
		<difficult>0</difficult>
		<bndbox>
			<xmin>482</xmin>
			<ymin>180</ymin>
			<xmax>564</xmax>
			<ymax>222</ymax>
		</bndbox>
	</object>
	<object>
		<name>gloves</name>
		<pose>Unspecified</pose>
		<truncated>0</truncated>
		<difficult>0</difficult>
		<bndbox>
			<xmin>578</xmin>
			<ymin>173</ymin>
			<xmax>660</xmax>
			<ymax>215</ymax>
		</bndbox>
	</object>
</annotation>
