<annotation>
	<folder>arc_flash_suit_resize</folder>
	<filename>arc_flash_suit18.jpeg</filename>
	<path>/Users/meng/Desktop/ESW/ESW2022/codes/data/arc_flash_suit_resize/arc_flash_suit18.jpeg</path>
	<source>
		<database>Unknown</database>
	</source>
	<size>
		<width>800</width>
		<height>600</height>
		<depth>3</depth>
	</size>
	<segmented>0</segmented>
	<object>
		<name>face_shield</name>
		<pose>Unspecified</pose>
		<truncated>0</truncated>
		<difficult>0</difficult>
		<bndbox>
			<xmin>326</xmin>
			<ymin>12</ymin>
			<xmax>478</xmax>
			<ymax>138</ymax>
		</bndbox>
	</object>
	<object>
		<name>arc_flash_suit</name>
		<pose>Unspecified</pose>
		<truncated>0</truncated>
		<difficult>0</difficult>
		<bndbox>
			<xmin>264</xmin>
			<ymin>133</ymin>
			<xmax>546</xmax>
			<ymax>586</ymax>
		</bndbox>
	</object>
	<object>
		<name>gloves</name>
		<pose>Unspecified</pose>
		<truncated>0</truncated>
		<difficult>0</difficult>
		<bndbox>
			<xmin>302</xmin>
			<ymin>330</ymin>
			<xmax>335</xmax>
			<ymax>382</ymax>
		</bndbox>
	</object>
	<object>
		<name>gloves</name>
		<pose>Unspecified</pose>
		<truncated>0</truncated>
		<difficult>0</difficult>
		<bndbox>
			<xmin>482</xmin>
			<ymin>331</ymin>
			<xmax>515</xmax>
			<ymax>383</ymax>
		</bndbox>
	</object>
</annotation>
