<annotation>
	<folder>arc_flash_suit_resize</folder>
	<filename>arc_flash_suit20.jpeg</filename>
	<path>/Users/meng/Desktop/ESW/ESW2022/codes/data/arc_flash_suit_resize/arc_flash_suit20.jpeg</path>
	<source>
		<database>Unknown</database>
	</source>
	<size>
		<width>800</width>
		<height>600</height>
		<depth>3</depth>
	</size>
	<segmented>0</segmented>
	<object>
		<name>face_shield</name>
		<pose>Unspecified</pose>
		<truncated>0</truncated>
		<difficult>0</difficult>
		<bndbox>
			<xmin>391</xmin>
			<ymin>78</ymin>
			<xmax>506</xmax>
			<ymax>196</ymax>
		</bndbox>
	</object>
	<object>
		<name>face_shield</name>
		<pose>Unspecified</pose>
		<truncated>0</truncated>
		<difficult>0</difficult>
		<bndbox>
			<xmin>285</xmin>
			<ymin>214</ymin>
			<xmax>388</xmax>
			<ymax>308</ymax>
		</bndbox>
	</object>
	<object>
		<name>face_shield</name>
		<pose>Unspecified</pose>
		<truncated>0</truncated>
		<difficult>0</difficult>
		<bndbox>
			<xmin>512</xmin>
			<ymin>184</ymin>
			<xmax>655</xmax>
			<ymax>302</ymax>
		</bndbox>
	</object>
	<object>
		<name>arc_flash_suit</name>
		<pose>Unspecified</pose>
		<truncated>0</truncated>
		<difficult>0</difficult>
		<bndbox>
			<xmin>396</xmin>
			<ymin>196</ymin>
			<xmax>487</xmax>
			<ymax>537</ymax>
		</bndbox>
	</object>
	<object>
		<name>arc_flash_suit</name>
		<pose>Unspecified</pose>
		<truncated>0</truncated>
		<difficult>0</difficult>
		<bndbox>
			<xmin>494</xmin>
			<ymin>303</ymin>
			<xmax>750</xmax>
			<ymax>594</ymax>
		</bndbox>
	</object>
	<object>
		<name>arc_flash_suit</name>
		<pose>Unspecified</pose>
		<truncated>0</truncated>
		<difficult>0</difficult>
		<bndbox>
			<xmin>278</xmin>
			<ymin>299</ymin>
			<xmax>404</xmax>
			<ymax>509</ymax>
		</bndbox>
	</object>
	<object>
		<name>gloves</name>
		<pose>Unspecified</pose>
		<truncated>0</truncated>
		<difficult>0</difficult>
		<bndbox>
			<xmin>288</xmin>
			<ymin>330</ymin>
			<xmax>326</xmax>
			<ymax>375</ymax>
		</bndbox>
	</object>
	<object>
		<name>gloves</name>
		<pose>Unspecified</pose>
		<truncated>0</truncated>
		<difficult>0</difficult>
		<bndbox>
			<xmin>540</xmin>
			<ymin>405</ymin>
			<xmax>586</xmax>
			<ymax>449</ymax>
		</bndbox>
	</object>
	<object>
		<name>leather_boots</name>
		<pose>Unspecified</pose>
		<truncated>0</truncated>
		<difficult>0</difficult>
		<bndbox>
			<xmin>498</xmin>
			<ymin>521</ymin>
			<xmax>588</xmax>
			<ymax>569</ymax>
		</bndbox>
	</object>
	<object>
		<name>leather_boots</name>
		<pose>Unspecified</pose>
		<truncated>0</truncated>
		<difficult>0</difficult>
		<bndbox>
			<xmin>722</xmin>
			<ymin>485</ymin>
			<xmax>795</xmax>
			<ymax>576</ymax>
		</bndbox>
	</object>
	<object>
		<name>leather_boots</name>
		<pose>Unspecified</pose>
		<truncated>0</truncated>
		<difficult>0</difficult>
		<bndbox>
			<xmin>437</xmin>
			<ymin>537</ymin>
			<xmax>481</xmax>
			<ymax>568</ymax>
		</bndbox>
	</object>
	<object>
		<name>leather_boots</name>
		<pose>Unspecified</pose>
		<truncated>0</truncated>
		<difficult>0</difficult>
		<bndbox>
			<xmin>411</xmin>
			<ymin>515</ymin>
			<xmax>447</xmax>
			<ymax>537</ymax>
		</bndbox>
	</object>
	<object>
		<name>leather_boots</name>
		<pose>Unspecified</pose>
		<truncated>0</truncated>
		<difficult>0</difficult>
		<bndbox>
			<xmin>355</xmin>
			<ymin>510</ymin>
			<xmax>391</xmax>
			<ymax>532</ymax>
		</bndbox>
	</object>
</annotation>
