<annotation>
	<folder>gloves_resize2</folder>
	<filename>gloves45.jpg</filename>
	<path>/Users/meng/Desktop/ESW/ESW2022/codes/data/gloves_resize2/gloves45.jpg</path>
	<source>
		<database>Unknown</database>
	</source>
	<size>
		<width>800</width>
		<height>600</height>
		<depth>3</depth>
	</size>
	<segmented>0</segmented>
	<object>
		<name>gloves</name>
		<pose>Unspecified</pose>
		<truncated>0</truncated>
		<difficult>0</difficult>
		<bndbox>
			<xmin>47</xmin>
			<ymin>64</ymin>
			<xmax>385</xmax>
			<ymax>530</ymax>
		</bndbox>
	</object>
	<object>
		<name>gloves</name>
		<pose>Unspecified</pose>
		<truncated>0</truncated>
		<difficult>0</difficult>
		<bndbox>
			<xmin>412</xmin>
			<ymin>74</ymin>
			<xmax>750</xmax>
			<ymax>540</ymax>
		</bndbox>
	</object>
</annotation>
