<annotation>
	<folder>gloves_resize2</folder>
	<filename>gloves44.jpg</filename>
	<path>/Users/meng/Desktop/ESW/ESW2022/codes/data/gloves_resize2/gloves44.jpg</path>
	<source>
		<database>Unknown</database>
	</source>
	<size>
		<width>800</width>
		<height>600</height>
		<depth>3</depth>
	</size>
	<segmented>0</segmented>
	<object>
		<name>gloves</name>
		<pose>Unspecified</pose>
		<truncated>0</truncated>
		<difficult>0</difficult>
		<bndbox>
			<xmin>56</xmin>
			<ymin>78</ymin>
			<xmax>401</xmax>
			<ymax>454</ymax>
		</bndbox>
	</object>
	<object>
		<name>gloves</name>
		<pose>Unspecified</pose>
		<truncated>0</truncated>
		<difficult>0</difficult>
		<bndbox>
			<xmin>293</xmin>
			<ymin>197</ymin>
			<xmax>769</xmax>
			<ymax>521</ymax>
		</bndbox>
	</object>
</annotation>
