<annotation>
	<folder>gloves_resize2</folder>
	<filename>gloves41.jpg</filename>
	<path>/Users/meng/Desktop/ESW/ESW2022/codes/data/gloves_resize2/gloves41.jpg</path>
	<source>
		<database>Unknown</database>
	</source>
	<size>
		<width>800</width>
		<height>600</height>
		<depth>3</depth>
	</size>
	<segmented>0</segmented>
	<object>
		<name>gloves</name>
		<pose>Unspecified</pose>
		<truncated>0</truncated>
		<difficult>0</difficult>
		<bndbox>
			<xmin>18</xmin>
			<ymin>144</ymin>
			<xmax>511</xmax>
			<ymax>584</ymax>
		</bndbox>
	</object>
	<object>
		<name>gloves</name>
		<pose>Unspecified</pose>
		<truncated>0</truncated>
		<difficult>0</difficult>
		<bndbox>
			<xmin>224</xmin>
			<ymin>5</ymin>
			<xmax>767</xmax>
			<ymax>515</ymax>
		</bndbox>
	</object>
</annotation>
