<annotation>
	<folder>gloves_resize2</folder>
	<filename>gloves46.jpg</filename>
	<path>/Users/meng/Desktop/ESW/ESW2022/codes/data/gloves_resize2/gloves46.jpg</path>
	<source>
		<database>Unknown</database>
	</source>
	<size>
		<width>800</width>
		<height>600</height>
		<depth>3</depth>
	</size>
	<segmented>0</segmented>
	<object>
		<name>gloves</name>
		<pose>Unspecified</pose>
		<truncated>0</truncated>
		<difficult>0</difficult>
		<bndbox>
			<xmin>5</xmin>
			<ymin>9</ymin>
			<xmax>558</xmax>
			<ymax>370</ymax>
		</bndbox>
	</object>
	<object>
		<name>gloves</name>
		<pose>Unspecified</pose>
		<truncated>0</truncated>
		<difficult>0</difficult>
		<bndbox>
			<xmin>82</xmin>
			<ymin>158</ymin>
			<xmax>774</xmax>
			<ymax>592</ymax>
		</bndbox>
	</object>
</annotation>
