<annotation>
	<folder>gloves_resize2</folder>
	<filename>gloves48.jpg</filename>
	<path>/Users/meng/Desktop/ESW/ESW2022/codes/data/gloves_resize2/gloves48.jpg</path>
	<source>
		<database>Unknown</database>
	</source>
	<size>
		<width>800</width>
		<height>600</height>
		<depth>3</depth>
	</size>
	<segmented>0</segmented>
	<object>
		<name>gloves</name>
		<pose>Unspecified</pose>
		<truncated>0</truncated>
		<difficult>0</difficult>
		<bndbox>
			<xmin>25</xmin>
			<ymin>62</ymin>
			<xmax>394</xmax>
			<ymax>517</ymax>
		</bndbox>
	</object>
	<object>
		<name>gloves</name>
		<pose>Unspecified</pose>
		<truncated>0</truncated>
		<difficult>0</difficult>
		<bndbox>
			<xmin>408</xmin>
			<ymin>63</ymin>
			<xmax>777</xmax>
			<ymax>518</ymax>
		</bndbox>
	</object>
</annotation>
