<annotation>
	<folder>hat_resize</folder>
	<filename>hat0.jpeg</filename>
	<path>/Users/meng/Desktop/ESW/ESW2022/codes/data/hat_resize/hat0.jpeg</path>
	<source>
		<database>Unknown</database>
	</source>
	<size>
		<width>800</width>
		<height>600</height>
		<depth>3</depth>
	</size>
	<segmented>0</segmented>
	<object>
		<name>hat</name>
		<pose>Unspecified</pose>
		<truncated>0</truncated>
		<difficult>0</difficult>
		<bndbox>
			<xmin>253</xmin>
			<ymin>71</ymin>
			<xmax>359</xmax>
			<ymax>176</ymax>
		</bndbox>
	</object>
	<object>
		<name>hat</name>
		<pose>Unspecified</pose>
		<truncated>0</truncated>
		<difficult>0</difficult>
		<bndbox>
			<xmin>439</xmin>
			<ymin>124</ymin>
			<xmax>545</xmax>
			<ymax>229</ymax>
		</bndbox>
	</object>
</annotation>
