<annotation>
	<folder>hat_resize</folder>
	<filename>hat18.jpeg</filename>
	<path>/Users/meng/Desktop/ESW/ESW2022/codes/data/hat_resize/hat18.jpeg</path>
	<source>
		<database>Unknown</database>
	</source>
	<size>
		<width>800</width>
		<height>600</height>
		<depth>3</depth>
	</size>
	<segmented>0</segmented>
	<object>
		<name>hat</name>
		<pose>Unspecified</pose>
		<truncated>0</truncated>
		<difficult>0</difficult>
		<bndbox>
			<xmin>470</xmin>
			<ymin>100</ymin>
			<xmax>555</xmax>
			<ymax>157</ymax>
		</bndbox>
	</object>
	<object>
		<name>protective_glasses</name>
		<pose>Unspecified</pose>
		<truncated>0</truncated>
		<difficult>0</difficult>
		<bndbox>
			<xmin>476</xmin>
			<ymin>160</ymin>
			<xmax>533</xmax>
			<ymax>174</ymax>
		</bndbox>
	</object>
</annotation>
