<annotation>
	<folder>hat_resize</folder>
	<filename>hat21.jpeg</filename>
	<path>/Users/meng/Desktop/ESW/ESW2022/codes/data/hat_resize/hat21.jpeg</path>
	<source>
		<database>Unknown</database>
	</source>
	<size>
		<width>800</width>
		<height>600</height>
		<depth>3</depth>
	</size>
	<segmented>0</segmented>
	<object>
		<name>hat</name>
		<pose>Unspecified</pose>
		<truncated>1</truncated>
		<difficult>0</difficult>
		<bndbox>
			<xmin>467</xmin>
			<ymin>1</ymin>
			<xmax>594</xmax>
			<ymax>134</ymax>
		</bndbox>
	</object>
	<object>
		<name>hat</name>
		<pose>Unspecified</pose>
		<truncated>0</truncated>
		<difficult>0</difficult>
		<bndbox>
			<xmin>386</xmin>
			<ymin>133</ymin>
			<xmax>513</xmax>
			<ymax>266</ymax>
		</bndbox>
	</object>
</annotation>
