<annotation>
	<folder>hat_resize</folder>
	<filename>hat35.jpg</filename>
	<path>/Users/meng/Desktop/ESW/ESW2022/codes/data/hat_resize/hat35.jpg</path>
	<source>
		<database>Unknown</database>
	</source>
	<size>
		<width>800</width>
		<height>600</height>
		<depth>3</depth>
	</size>
	<segmented>0</segmented>
	<object>
		<name>hat</name>
		<pose>Unspecified</pose>
		<truncated>0</truncated>
		<difficult>0</difficult>
		<bndbox>
			<xmin>535</xmin>
			<ymin>12</ymin>
			<xmax>691</xmax>
			<ymax>126</ymax>
		</bndbox>
	</object>
	<object>
		<name>hat</name>
		<pose>Unspecified</pose>
		<truncated>0</truncated>
		<difficult>0</difficult>
		<bndbox>
			<xmin>62</xmin>
			<ymin>110</ymin>
			<xmax>368</xmax>
			<ymax>584</ymax>
		</bndbox>
	</object>
	<object>
		<name>gloves</name>
		<pose>Unspecified</pose>
		<truncated>1</truncated>
		<difficult>0</difficult>
		<bndbox>
			<xmin>523</xmin>
			<ymin>500</ymin>
			<xmax>671</xmax>
			<ymax>600</ymax>
		</bndbox>
	</object>
	<object>
		<name>gloves</name>
		<pose>Unspecified</pose>
		<truncated>0</truncated>
		<difficult>0</difficult>
		<bndbox>
			<xmin>620</xmin>
			<ymin>443</ymin>
			<xmax>741</xmax>
			<ymax>542</ymax>
		</bndbox>
	</object>
	<object>
		<name>protective_glasses</name>
		<pose>Unspecified</pose>
		<truncated>0</truncated>
		<difficult>0</difficult>
		<bndbox>
			<xmin>556</xmin>
			<ymin>125</ymin>
			<xmax>671</xmax>
			<ymax>161</ymax>
		</bndbox>
	</object>
</annotation>
