<annotation>
	<folder>hat_resize</folder>
	<filename>hat36.jpg</filename>
	<path>/Users/meng/Desktop/ESW/ESW2022/codes/data/hat_resize/hat36.jpg</path>
	<source>
		<database>Unknown</database>
	</source>
	<size>
		<width>800</width>
		<height>600</height>
		<depth>3</depth>
	</size>
	<segmented>0</segmented>
	<object>
		<name>hat</name>
		<pose>Unspecified</pose>
		<truncated>1</truncated>
		<difficult>0</difficult>
		<bndbox>
			<xmin>550</xmin>
			<ymin>1</ymin>
			<xmax>664</xmax>
			<ymax>80</ymax>
		</bndbox>
	</object>
</annotation>
