<annotation>
	<folder>hat_resize</folder>
	<filename>hat30.jpeg</filename>
	<path>/Users/meng/Desktop/ESW/ESW2022/codes/data/hat_resize/hat30.jpeg</path>
	<source>
		<database>Unknown</database>
	</source>
	<size>
		<width>800</width>
		<height>600</height>
		<depth>3</depth>
	</size>
	<segmented>0</segmented>
	<object>
		<name>hat</name>
		<pose>Unspecified</pose>
		<truncated>0</truncated>
		<difficult>0</difficult>
		<bndbox>
			<xmin>474</xmin>
			<ymin>22</ymin>
			<xmax>627</xmax>
			<ymax>193</ymax>
		</bndbox>
	</object>
</annotation>
