<annotation>
	<folder>pg_resize2</folder>
	<filename>pg47.jpg</filename>
	<path>/Users/meng/Desktop/ESW/ESW2022/codes/data/pg_resize2/pg47.jpg</path>
	<source>
		<database>Unknown</database>
	</source>
	<size>
		<width>800</width>
		<height>600</height>
		<depth>3</depth>
	</size>
	<segmented>0</segmented>
	<object>
		<name>protective_glasses</name>
		<pose>Unspecified</pose>
		<truncated>0</truncated>
		<difficult>0</difficult>
		<bndbox>
			<xmin>23</xmin>
			<ymin>122</ymin>
			<xmax>676</xmax>
			<ymax>505</ymax>
		</bndbox>
	</object>
</annotation>
