<annotation>
	<folder>pg_resize2</folder>
	<filename>pg49.jpg</filename>
	<path>/Users/meng/Desktop/ESW/ESW2022/codes/data/pg_resize2/pg49.jpg</path>
	<source>
		<database>Unknown</database>
	</source>
	<size>
		<width>800</width>
		<height>600</height>
		<depth>3</depth>
	</size>
	<segmented>0</segmented>
	<object>
		<name>protective_glasses</name>
		<pose>Unspecified</pose>
		<truncated>0</truncated>
		<difficult>0</difficult>
		<bndbox>
			<xmin>112</xmin>
			<ymin>148</ymin>
			<xmax>595</xmax>
			<ymax>289</ymax>
		</bndbox>
	</object>
</annotation>
