<annotation>
	<folder>ear_muffs_resize</folder>
	<filename>ear_muffs2.jpeg</filename>
	<path>/Users/meng/Desktop/ESW/ESW2022/codes/data/ear_muffs_resize/ear_muffs2.jpeg</path>
	<source>
		<database>Unknown</database>
	</source>
	<size>
		<width>800</width>
		<height>600</height>
		<depth>3</depth>
	</size>
	<segmented>0</segmented>
	<object>
		<name>ear_muffs</name>
		<pose>Unspecified</pose>
		<truncated>0</truncated>
		<difficult>0</difficult>
		<bndbox>
			<xmin>544</xmin>
			<ymin>425</ymin>
			<xmax>610</xmax>
			<ymax>485</ymax>
		</bndbox>
	</object>
	<object>
		<name>ear_muffs</name>
		<pose>Unspecified</pose>
		<truncated>0</truncated>
		<difficult>0</difficult>
		<bndbox>
			<xmin>2</xmin>
			<ymin>440</ymin>
			<xmax>138</xmax>
			<ymax>506</ymax>
		</bndbox>
	</object>
	<object>
		<name>ear_muffs</name>
		<pose>Unspecified</pose>
		<truncated>0</truncated>
		<difficult>0</difficult>
		<bndbox>
			<xmin>169</xmin>
			<ymin>481</ymin>
			<xmax>305</xmax>
			<ymax>547</ymax>
		</bndbox>
	</object>
	<object>
		<name>ear_muffs</name>
		<pose>Unspecified</pose>
		<truncated>0</truncated>
		<difficult>0</difficult>
		<bndbox>
			<xmin>114</xmin>
			<ymin>48</ymin>
			<xmax>189</xmax>
			<ymax>113</ymax>
		</bndbox>
	</object>
	<object>
		<name>ear_muffs</name>
		<pose>Unspecified</pose>
		<truncated>0</truncated>
		<difficult>0</difficult>
		<bndbox>
			<xmin>236</xmin>
			<ymin>52</ymin>
			<xmax>311</xmax>
			<ymax>117</ymax>
		</bndbox>
	</object>
	<object>
		<name>ear_muffs</name>
		<pose>Unspecified</pose>
		<truncated>0</truncated>
		<difficult>0</difficult>
		<bndbox>
			<xmin>358</xmin>
			<ymin>52</ymin>
			<xmax>433</xmax>
			<ymax>117</ymax>
		</bndbox>
	</object>
	<object>
		<name>ear_muffs</name>
		<pose>Unspecified</pose>
		<truncated>0</truncated>
		<difficult>0</difficult>
		<bndbox>
			<xmin>508</xmin>
			<ymin>50</ymin>
			<xmax>583</xmax>
			<ymax>115</ymax>
		</bndbox>
	</object>
	<object>
		<name>ear_muffs</name>
		<pose>Unspecified</pose>
		<truncated>0</truncated>
		<difficult>0</difficult>
		<bndbox>
			<xmin>631</xmin>
			<ymin>52</ymin>
			<xmax>706</xmax>
			<ymax>117</ymax>
		</bndbox>
	</object>
	<object>
		<name>ear_muffs</name>
		<pose>Unspecified</pose>
		<truncated>0</truncated>
		<difficult>0</difficult>
		<bndbox>
			<xmin>635</xmin>
			<ymin>179</ymin>
			<xmax>710</xmax>
			<ymax>244</ymax>
		</bndbox>
	</object>
	<object>
		<name>ear_muffs</name>
		<pose>Unspecified</pose>
		<truncated>0</truncated>
		<difficult>0</difficult>
		<bndbox>
			<xmin>511</xmin>
			<ymin>181</ymin>
			<xmax>586</xmax>
			<ymax>246</ymax>
		</bndbox>
	</object>
	<object>
		<name>ear_muffs</name>
		<pose>Unspecified</pose>
		<truncated>0</truncated>
		<difficult>0</difficult>
		<bndbox>
			<xmin>363</xmin>
			<ymin>180</ymin>
			<xmax>438</xmax>
			<ymax>245</ymax>
		</bndbox>
	</object>
	<object>
		<name>ear_muffs</name>
		<pose>Unspecified</pose>
		<truncated>0</truncated>
		<difficult>0</difficult>
		<bndbox>
			<xmin>234</xmin>
			<ymin>181</ymin>
			<xmax>309</xmax>
			<ymax>246</ymax>
		</bndbox>
	</object>
	<object>
		<name>ear_muffs</name>
		<pose>Unspecified</pose>
		<truncated>0</truncated>
		<difficult>0</difficult>
		<bndbox>
			<xmin>114</xmin>
			<ymin>181</ymin>
			<xmax>189</xmax>
			<ymax>246</ymax>
		</bndbox>
	</object>
</annotation>
