<annotation>
	<folder>ear_muffs_resize</folder>
	<filename>ear_muffs31.jpeg</filename>
	<path>/Users/meng/Desktop/ESW/ESW2022/codes/data/ear_muffs_resize/ear_muffs31.jpeg</path>
	<source>
		<database>Unknown</database>
	</source>
	<size>
		<width>800</width>
		<height>600</height>
		<depth>3</depth>
	</size>
	<segmented>0</segmented>
	<object>
		<name>ear_muffs</name>
		<pose>Unspecified</pose>
		<truncated>0</truncated>
		<difficult>0</difficult>
		<bndbox>
			<xmin>426</xmin>
			<ymin>303</ymin>
			<xmax>516</xmax>
			<ymax>447</ymax>
		</bndbox>
	</object>
	<object>
		<name>ear_muffs</name>
		<pose>Unspecified</pose>
		<truncated>0</truncated>
		<difficult>0</difficult>
		<bndbox>
			<xmin>520</xmin>
			<ymin>299</ymin>
			<xmax>610</xmax>
			<ymax>443</ymax>
		</bndbox>
	</object>
</annotation>
