<annotation>
	<folder>ear_muffs_resize</folder>
	<filename>ear_muffs24.jpeg</filename>
	<path>/Users/meng/Desktop/ESW/ESW2022/codes/data/ear_muffs_resize/ear_muffs24.jpeg</path>
	<source>
		<database>Unknown</database>
	</source>
	<size>
		<width>800</width>
		<height>600</height>
		<depth>3</depth>
	</size>
	<segmented>0</segmented>
	<object>
		<name>ear_muffs</name>
		<pose>Unspecified</pose>
		<truncated>0</truncated>
		<difficult>0</difficult>
		<bndbox>
			<xmin>77</xmin>
			<ymin>300</ymin>
			<xmax>385</xmax>
			<ymax>596</ymax>
		</bndbox>
	</object>
	<object>
		<name>ear_muffs</name>
		<pose>Unspecified</pose>
		<truncated>0</truncated>
		<difficult>0</difficult>
		<bndbox>
			<xmin>456</xmin>
			<ymin>274</ymin>
			<xmax>759</xmax>
			<ymax>544</ymax>
		</bndbox>
	</object>
</annotation>
