<annotation>
	<folder>pg_resize</folder>
	<filename>pg1.jpeg</filename>
	<path>/Users/meng/Desktop/ESW/ESW2022/codes/data/pg_resize/pg1.jpeg</path>
	<source>
		<database>Unknown</database>
	</source>
	<size>
		<width>800</width>
		<height>600</height>
		<depth>3</depth>
	</size>
	<segmented>0</segmented>
	<object>
		<name>protective_glasses</name>
		<pose>Unspecified</pose>
		<truncated>0</truncated>
		<difficult>0</difficult>
		<bndbox>
			<xmin>9</xmin>
			<ymin>58</ymin>
			<xmax>395</xmax>
			<ymax>253</ymax>
		</bndbox>
	</object>
	<object>
		<name>protective_glasses</name>
		<pose>Unspecified</pose>
		<truncated>0</truncated>
		<difficult>0</difficult>
		<bndbox>
			<xmin>398</xmin>
			<ymin>45</ymin>
			<xmax>760</xmax>
			<ymax>270</ymax>
		</bndbox>
	</object>
	<object>
		<name>protective_glasses</name>
		<pose>Unspecified</pose>
		<truncated>0</truncated>
		<difficult>0</difficult>
		<bndbox>
			<xmin>8</xmin>
			<ymin>346</ymin>
			<xmax>395</xmax>
			<ymax>526</ymax>
		</bndbox>
	</object>
	<object>
		<name>protective_glasses</name>
		<pose>Unspecified</pose>
		<truncated>0</truncated>
		<difficult>0</difficult>
		<bndbox>
			<xmin>412</xmin>
			<ymin>334</ymin>
			<xmax>770</xmax>
			<ymax>554</ymax>
		</bndbox>
	</object>
</annotation>
