<annotation>
	<folder>pg_resize</folder>
	<filename>pg15.jpeg</filename>
	<path>/Users/meng/Desktop/ESW/ESW2022/codes/data/pg_resize/pg15.jpeg</path>
	<source>
		<database>Unknown</database>
	</source>
	<size>
		<width>800</width>
		<height>600</height>
		<depth>3</depth>
	</size>
	<segmented>0</segmented>
	<object>
		<name>protective_glasses</name>
		<pose>Unspecified</pose>
		<truncated>0</truncated>
		<difficult>0</difficult>
		<bndbox>
			<xmin>119</xmin>
			<ymin>3</ymin>
			<xmax>784</xmax>
			<ymax>274</ymax>
		</bndbox>
	</object>
	<object>
		<name>protective_glasses</name>
		<pose>Unspecified</pose>
		<truncated>1</truncated>
		<difficult>0</difficult>
		<bndbox>
			<xmin>81</xmin>
			<ymin>338</ymin>
			<xmax>791</xmax>
			<ymax>600</ymax>
		</bndbox>
	</object>
</annotation>
