<annotation>
	<folder>pg_resize</folder>
	<filename>pg18.jpeg</filename>
	<path>/Users/meng/Desktop/ESW/ESW2022/codes/data/pg_resize/pg18.jpeg</path>
	<source>
		<database>Unknown</database>
	</source>
	<size>
		<width>800</width>
		<height>600</height>
		<depth>3</depth>
	</size>
	<segmented>0</segmented>
	<object>
		<name>protective_glasses</name>
		<pose>Unspecified</pose>
		<truncated>0</truncated>
		<difficult>0</difficult>
		<bndbox>
			<xmin>167</xmin>
			<ymin>167</ymin>
			<xmax>429</xmax>
			<ymax>273</ymax>
		</bndbox>
	</object>
	<object>
		<name>protective_glasses</name>
		<pose>Unspecified</pose>
		<truncated>0</truncated>
		<difficult>0</difficult>
		<bndbox>
			<xmin>433</xmin>
			<ymin>120</ymin>
			<xmax>710</xmax>
			<ymax>244</ymax>
		</bndbox>
	</object>
	<object>
		<name>protective_glasses</name>
		<pose>Unspecified</pose>
		<truncated>0</truncated>
		<difficult>0</difficult>
		<bndbox>
			<xmin>432</xmin>
			<ymin>241</ymin>
			<xmax>709</xmax>
			<ymax>365</ymax>
		</bndbox>
	</object>
	<object>
		<name>protective_glasses</name>
		<pose>Unspecified</pose>
		<truncated>0</truncated>
		<difficult>0</difficult>
		<bndbox>
			<xmin>433</xmin>
			<ymin>365</ymin>
			<xmax>687</xmax>
			<ymax>489</ymax>
		</bndbox>
	</object>
</annotation>
