<annotation>
	<folder>pg_resize</folder>
	<filename>pg32.jpeg</filename>
	<path>/Users/meng/Desktop/ESW/ESW2022/codes/data/pg_resize/pg32.jpeg</path>
	<source>
		<database>Unknown</database>
	</source>
	<size>
		<width>800</width>
		<height>600</height>
		<depth>3</depth>
	</size>
	<segmented>0</segmented>
	<object>
		<name>protective_glasses</name>
		<pose>Unspecified</pose>
		<truncated>0</truncated>
		<difficult>0</difficult>
		<bndbox>
			<xmin>140</xmin>
			<ymin>183</ymin>
			<xmax>769</xmax>
			<ymax>442</ymax>
		</bndbox>
	</object>
</annotation>
