<annotation>
	<folder>leather_boots_resize</folder>
	<filename>leather_boots32.jpeg</filename>
	<path>/Users/meng/Desktop/ESW/ESW2022/codes/data/leather_boots_resize/leather_boots32.jpeg</path>
	<source>
		<database>Unknown</database>
	</source>
	<size>
		<width>800</width>
		<height>600</height>
		<depth>3</depth>
	</size>
	<segmented>0</segmented>
	<object>
		<name>leather_boots</name>
		<pose>Unspecified</pose>
		<truncated>0</truncated>
		<difficult>0</difficult>
		<bndbox>
			<xmin>389</xmin>
			<ymin>317</ymin>
			<xmax>538</xmax>
			<ymax>558</ymax>
		</bndbox>
	</object>
	<object>
		<name>leather_boots</name>
		<pose>Unspecified</pose>
		<truncated>0</truncated>
		<difficult>0</difficult>
		<bndbox>
			<xmin>265</xmin>
			<ymin>281</ymin>
			<xmax>403</xmax>
			<ymax>488</ymax>
		</bndbox>
	</object>
</annotation>
