<annotation>
	<folder>leather_boots_resize</folder>
	<filename>leather_boots23.jpeg</filename>
	<path>/Users/meng/Desktop/ESW/ESW2022/codes/data/leather_boots_resize/leather_boots23.jpeg</path>
	<source>
		<database>Unknown</database>
	</source>
	<size>
		<width>800</width>
		<height>600</height>
		<depth>3</depth>
	</size>
	<segmented>0</segmented>
	<object>
		<name>leather_boots</name>
		<pose>Unspecified</pose>
		<truncated>0</truncated>
		<difficult>0</difficult>
		<bndbox>
			<xmin>221</xmin>
			<ymin>200</ymin>
			<xmax>529</xmax>
			<ymax>369</ymax>
		</bndbox>
	</object>
	<object>
		<name>leather_boots</name>
		<pose>Unspecified</pose>
		<truncated>1</truncated>
		<difficult>0</difficult>
		<bndbox>
			<xmin>520</xmin>
			<ymin>208</ymin>
			<xmax>800</xmax>
			<ymax>362</ymax>
		</bndbox>
	</object>
</annotation>
