<annotation>
	<folder>leather_boots_resize</folder>
	<filename>leather_boots37.jpeg</filename>
	<path>/Users/meng/Desktop/ESW/ESW2022/codes/data/leather_boots_resize/leather_boots37.jpeg</path>
	<source>
		<database>Unknown</database>
	</source>
	<size>
		<width>800</width>
		<height>600</height>
		<depth>3</depth>
	</size>
	<segmented>0</segmented>
	<object>
		<name>leather_boots</name>
		<pose>Unspecified</pose>
		<truncated>1</truncated>
		<difficult>0</difficult>
		<bndbox>
			<xmin>7</xmin>
			<ymin>230</ymin>
			<xmax>490</xmax>
			<ymax>600</ymax>
		</bndbox>
	</object>
	<object>
		<name>leather_boots</name>
		<pose>Unspecified</pose>
		<truncated>0</truncated>
		<difficult>0</difficult>
		<bndbox>
			<xmin>267</xmin>
			<ymin>141</ymin>
			<xmax>798</xmax>
			<ymax>532</ymax>
		</bndbox>
	</object>
</annotation>
