<annotation>
	<folder>arc_flash_suit_resize</folder>
	<filename>arc_flash_suit14.jpeg</filename>
	<path>/Users/meng/Desktop/ESW/ESW2022/codes/data/arc_flash_suit_resize/arc_flash_suit14.jpeg</path>
	<source>
		<database>Unknown</database>
	</source>
	<size>
		<width>800</width>
		<height>600</height>
		<depth>3</depth>
	</size>
	<segmented>0</segmented>
	<object>
		<name>face_shield</name>
		<pose>Unspecified</pose>
		<truncated>0</truncated>
		<difficult>0</difficult>
		<bndbox>
			<xmin>288</xmin>
			<ymin>15</ymin>
			<xmax>452</xmax>
			<ymax>117</ymax>
		</bndbox>
	</object>
	<object>
		<name>arc_flash_suit</name>
		<pose>Unspecified</pose>
		<truncated>0</truncated>
		<difficult>0</difficult>
		<bndbox>
			<xmin>213</xmin>
			<ymin>123</ymin>
			<xmax>536</xmax>
			<ymax>527</ymax>
		</bndbox>
	</object>
	<object>
		<name>gloves</name>
		<pose>Unspecified</pose>
		<truncated>0</truncated>
		<difficult>0</difficult>
		<bndbox>
			<xmin>218</xmin>
			<ymin>246</ymin>
			<xmax>282</xmax>
			<ymax>353</ymax>
		</bndbox>
	</object>
	<object>
		<name>gloves</name>
		<pose>Unspecified</pose>
		<truncated>0</truncated>
		<difficult>0</difficult>
		<bndbox>
			<xmin>540</xmin>
			<ymin>114</ymin>
			<xmax>626</xmax>
			<ymax>170</ymax>
		</bndbox>
	</object>
	<object>
		<name>leather_boots</name>
		<pose>Unspecified</pose>
		<truncated>0</truncated>
		<difficult>0</difficult>
		<bndbox>
			<xmin>268</xmin>
			<ymin>564</ymin>
			<xmax>403</xmax>
			<ymax>592</ymax>
		</bndbox>
	</object>
	<object>
		<name>leather_boots</name>
		<pose>Unspecified</pose>
		<truncated>0</truncated>
		<difficult>0</difficult>
		<bndbox>
			<xmin>413</xmin>
			<ymin>528</ymin>
			<xmax>532</xmax>
			<ymax>555</ymax>
		</bndbox>
	</object>
</annotation>
