<annotation>
	<folder>arc_flash_suit_resize</folder>
	<filename>arc_flash_suit4.jpeg</filename>
	<path>/Users/meng/Desktop/ESW/ESW2022/codes/data/arc_flash_suit_resize/arc_flash_suit4.jpeg</path>
	<source>
		<database>Unknown</database>
	</source>
	<size>
		<width>800</width>
		<height>600</height>
		<depth>3</depth>
	</size>
	<segmented>0</segmented>
	<object>
		<name>face_shield</name>
		<pose>Unspecified</pose>
		<truncated>0</truncated>
		<difficult>0</difficult>
		<bndbox>
			<xmin>324</xmin>
			<ymin>13</ymin>
			<xmax>471</xmax>
			<ymax>126</ymax>
		</bndbox>
	</object>
	<object>
		<name>arc_flash_suit</name>
		<pose>Unspecified</pose>
		<truncated>0</truncated>
		<difficult>0</difficult>
		<bndbox>
			<xmin>265</xmin>
			<ymin>127</ymin>
			<xmax>523</xmax>
			<ymax>586</ymax>
		</bndbox>
	</object>
	<object>
		<name>gloves</name>
		<pose>Unspecified</pose>
		<truncated>0</truncated>
		<difficult>0</difficult>
		<bndbox>
			<xmin>292</xmin>
			<ymin>319</ymin>
			<xmax>328</xmax>
			<ymax>377</ymax>
		</bndbox>
	</object>
	<object>
		<name>gloves</name>
		<pose>Unspecified</pose>
		<truncated>0</truncated>
		<difficult>0</difficult>
		<bndbox>
			<xmin>475</xmin>
			<ymin>319</ymin>
			<xmax>511</xmax>
			<ymax>377</ymax>
		</bndbox>
	</object>
</annotation>
