<annotation>
	<folder>ear_muffs_resize2</folder>
	<filename>ear_muffs42.jpeg</filename>
	<path>/Users/meng/Desktop/ESW/ESW2022/codes/data/ear_muffs_resize2/ear_muffs42.jpeg</path>
	<source>
		<database>Unknown</database>
	</source>
	<size>
		<width>800</width>
		<height>600</height>
		<depth>3</depth>
	</size>
	<segmented>0</segmented>
	<object>
		<name>ear_muffs</name>
		<pose>Unspecified</pose>
		<truncated>0</truncated>
		<difficult>0</difficult>
		<bndbox>
			<xmin>696</xmin>
			<ymin>223</ymin>
			<xmax>759</xmax>
			<ymax>301</ymax>
		</bndbox>
	</object>
	<object>
		<name>ear_muffs</name>
		<pose>Unspecified</pose>
		<truncated>0</truncated>
		<difficult>0</difficult>
		<bndbox>
			<xmin>69</xmin>
			<ymin>143</ymin>
			<xmax>142</xmax>
			<ymax>354</ymax>
		</bndbox>
	</object>
	<object>
		<name>gloves</name>
		<pose>Unspecified</pose>
		<truncated>0</truncated>
		<difficult>0</difficult>
		<bndbox>
			<xmin>111</xmin>
			<ymin>154</ymin>
			<xmax>268</xmax>
			<ymax>561</ymax>
		</bndbox>
	</object>
	<object>
		<name>gloves</name>
		<pose>Unspecified</pose>
		<truncated>0</truncated>
		<difficult>0</difficult>
		<bndbox>
			<xmin>319</xmin>
			<ymin>130</ymin>
			<xmax>403</xmax>
			<ymax>249</ymax>
		</bndbox>
	</object>
	<object>
		<name>protective_glasses</name>
		<pose>Unspecified</pose>
		<truncated>0</truncated>
		<difficult>0</difficult>
		<bndbox>
			<xmin>643</xmin>
			<ymin>108</ymin>
			<xmax>696</xmax>
			<ymax>227</ymax>
		</bndbox>
	</object>
</annotation>
