<annotation>
	<folder>ear_muffs_resize2</folder>
	<filename>ear_muffs47.jpg</filename>
	<path>/Users/meng/Desktop/ESW/ESW2022/codes/data/ear_muffs_resize2/ear_muffs47.jpg</path>
	<source>
		<database>Unknown</database>
	</source>
	<size>
		<width>800</width>
		<height>600</height>
		<depth>3</depth>
	</size>
	<segmented>0</segmented>
	<object>
		<name>ear_muffs</name>
		<pose>Unspecified</pose>
		<truncated>0</truncated>
		<difficult>0</difficult>
		<bndbox>
			<xmin>52</xmin>
			<ymin>232</ymin>
			<xmax>382</xmax>
			<ymax>461</ymax>
		</bndbox>
	</object>
	<object>
		<name>ear_muffs</name>
		<pose>Unspecified</pose>
		<truncated>0</truncated>
		<difficult>0</difficult>
		<bndbox>
			<xmin>400</xmin>
			<ymin>315</ymin>
			<xmax>735</xmax>
			<ymax>580</ymax>
		</bndbox>
	</object>
</annotation>
