<annotation>
	<folder>leather_boots_resize2</folder>
	<filename>leather_boots45.jpg</filename>
	<path>/Users/meng/Desktop/ESW/ESW2022/codes/data/leather_boots_resize2/leather_boots45.jpg</path>
	<source>
		<database>Unknown</database>
	</source>
	<size>
		<width>800</width>
		<height>600</height>
		<depth>3</depth>
	</size>
	<segmented>0</segmented>
	<object>
		<name>leather_boots</name>
		<pose>Unspecified</pose>
		<truncated>0</truncated>
		<difficult>0</difficult>
		<bndbox>
			<xmin>4</xmin>
			<ymin>346</ymin>
			<xmax>131</xmax>
			<ymax>514</ymax>
		</bndbox>
	</object>
	<object>
		<name>leather_boots</name>
		<pose>Unspecified</pose>
		<truncated>0</truncated>
		<difficult>0</difficult>
		<bndbox>
			<xmin>233</xmin>
			<ymin>411</ymin>
			<xmax>417</xmax>
			<ymax>505</ymax>
		</bndbox>
	</object>
</annotation>
