<annotation>
	<folder>mask_resize2</folder>
	<filename>47.jpeg</filename>
	<path>/Users/meng/Desktop/ESW/ESW2022/codes/data/mask_resize2/47.jpeg</path>
	<source>
		<database>Unknown</database>
	</source>
	<size>
		<width>800</width>
		<height>600</height>
		<depth>3</depth>
	</size>
	<segmented>0</segmented>
	<object>
		<name>mask</name>
		<pose>Unspecified</pose>
		<truncated>0</truncated>
		<difficult>0</difficult>
		<bndbox>
			<xmin>278</xmin>
			<ymin>259</ymin>
			<xmax>494</xmax>
			<ymax>412</ymax>
		</bndbox>
	</object>
</annotation>
